b1,b2,b3
GTCGCTATA,TACAGGATA,AAGCCTTCT
CTTGTACTA,CACCAGGTA,ATCATTCTG
CTTCACATA,TGTGAAGAA,CACAAGTAT
ACACGCCGG,GATTCATCA,ACACCTTAG
CGGTCCAGG,CACCCAAAG,GAACGACAA
AATCGAATG,CACAAAGGC,AGTCTGTAC
CCTAGTATA,GTGTGTCGA,AAATTACAG
ATTGGCTAA,CTAGGTCCT,GGCTACAGA
AAGACATGC,ACAGTGGTA,AATGTATCG
AAGGCGATC,TCGTTAGCA,CAAGTAGAA
GTGTCCTTA,AGCGACACC,GATCTCTTA
GGATTAGGA,AAGCTACTT,AACAACGCG
ATGGATCCA,TGTTCTCCA,GGTGAGTTA
ACATAAGCG,ACGCGAAGC,CAGGGAGGG
AACTGTATT,CAGAAATCG,TCCGTCTTA
ACCTTGCGG,ACCAAAATG,TGCATAGTA
CAGGTGTAG,AGTGTTGTC,ACTTACGAT
AGGAGATTA,TAGGGATAC,TGTATGCGA
GCGATTACA,AGGGCTGGT,GCTCCTTGA
ACCGGATAG,TCATCCTAA,GGCACAACA
CCACTTGGA,AATCCTGAA,CTCAAGACA
AGAGAAGTT,ATCCTAGGA,ACGCTGTTG
TAAGTTCGA,ACGACCACC,ATATTGTAA
ACGGATATT,TTCCATTGA,AAGTTTACG
TGGCTCAGA,TAGTCTTGA,CAGCCTGGC
GAATCTGTA,ACTGTTAGA,CTATTAGCC
ACCAAGGAC,ATTCATCGT,CAAACGTGG
AGTATCTGT,ACTTCGAGC,AAAGTCATT
CACACACTA,TTGCGTACA,GTCTTGGCA
ATTAAGTGC,CAGTGCCCG,GATCAGCGA
AAGTAACCC,GACACTTAA,ACATTCGGC
AAATCCTGT,AGGAGGCGC,AGTAATTAG
CACATTGCA,GCCTGTTCA,TGAAGCCAA
GCACTGTCA,GTACATCTA,TCTACGACA
ATACTTAGG,AATCAGTTT,CATAACGTT
GCAATCCGA,ACGATGAAT,ATGGGACTC
ACGCAATCA,TGACAGACA,GATAGAGGA
GAGTATTAG,ATTAGGCAT,CTACATGCG
GACGGATTA,GGAGTCTAA,CAACGATCT
CAGCTGACA,TAGAACACA,GTTAGCCTA
CAACATATT,AAATAAATA,AGTTGCATC
AACTTCTCC,CCGACAAGA,AAGGGAACT
CTATGAAAT,CACCTACCC,ACTACATAT
ATTATTACC,AAGAGTAGA,CTAAGCTTC
TACCGAGCA,TCATTGAGA,ACGAACCAG
TCTCTTCAA,GACCTTAGA,TACTTCGGA
TAAGCGTTA,CAAGACCTA,AACATCCAT
GCCTTACAA,GGAATGATA,AGCCTGGTT
AGCACACAG,AAACGTACC,CAAGTTTCC
ACAGTTCCG,ACTATCCTC,CAGGCATTT
AGTAAAGCC,CCGTATCTA,ACGTGGGAG
CAGTTTCAC,ACACATGTC,TCTCACGGA
CGTTACTAA,TTGGTATGA,GCAACATTA
TTGTTCCAA,GTGCAGTAA,ATGGTCCGT
AGAAGCACT,AGGATTCAA,CTATCATGA
CAGCAAGAT,AGAATGGAG,CAATACAAG
CAAACCGCC,CTCTCTCAA,AAAGAGGCC
CTAACTCGC,GCTAACTCA,GTAGAAGCA
AATATTGGG,ATCAACCGA,GCTATGGAA
AGAACTTCC,ATGAGTTAC,ACTCCAGGG
CAAAGGCAC,ACTTGATGA,ACAAGTGCA
AAGCTCAAC,ACTTTAACT,GATGGTCCA
TCCAGTCGA,TTGGAGGTA,TCCTCAATA
AGCCATCAC,GCCAATGTA,AATAAACAA
AACGAGAAG,ATCCAACCG,CTGTACGGA
CTACAGAAC,GATGAACTG,CTAGATAGA
AGAGCTATG,CCATGCACA,AGCTATGTG
GAGGATGGA,TAGTGACTA,AAATGGAGG
TGTACCTTA,AAACTGCGC,AGCCGCAAG
ACACACAAA,ATTACCAAG,ACAGTAAAC
TCAGGAGGA,CACTCGAGA,AACGTGTGA
GAGGTGCTA,AACTCATTG,ACTGAATTC
ACCCTGACC,CTTGCTTCA,AAGGGTCAG
ACAAGGATC,ACCTGAGTC,TGTCTATCA
ATCCCGGAG,AGGTTCGCT,TCAGATTCA
TATGTGGCA,AAGGACTAT,CACGATCCG
GCTGCCAAT,CGTTCGGTA,AACAGAAAC
ATCAGAGCT,AGATAGTTC,CATGAATGA
TCGAAGTGA,CAATTGATC,CGTACTACG
ATAGACGAG,GCATGGCTA,TTCAGCTCA
AGCCCAATC,ACCAGGTGT,AAGGCCGCA
CAGAATCGT,AGCTGCCGT,GGTTGGACA
ATCTCCACA,TATAGCCCT,CGTCTAGGT
ACGAAAGGT,AGAGGACCA,AATTCGGCG
TAGCTTGTA,ACAATATGG,CAACCTCCA
ACACGAGAT,CAGCACTTC,CAATAGGGT
AACCGCCTC,CACTTATGT,ACAGGCTCC
ATTTAGATG,AGTGAAAGG,ACAACTAGT
CAAGCAAGC,AACCCTCGG,AGTTGTTCT
CAAAGTGTG,AGGCAGCTA,AATTACCGG
GGCAAGCAA,AACCAAAGT,ACAAACTTT
GAGCCAATA,GAGTGCGAA,TCTCGGTTA
ATGTAATGG,CGCTAAGCA,ACTAGACCG
CCTGAGCAA,AATTATAAC,ACTCATACG
GAGTACATT,TACTAGTCA,ATCGAGTCT
TGCGATCTA,CAACAACGG,CATAGGTCA
ATCACGTTA,CGATGTTTA,TTAGGCATA
